[
{
  "model": "webapp.status",
  "pk": 1,
  "fields": {
    "name": "\u041d\u043e\u0432\u0430\u044f"
  }
},
{
  "model": "webapp.status",
  "pk": 2,
  "fields": {
    "name": "\u0412 \u043f\u0440\u043e\u0446\u0435\u0441\u0441\u0435"
  }
},
{
  "model": "webapp.status",
  "pk": 3,
  "fields": {
    "name": "\u0412\u044b\u043f\u043e\u043b\u043d\u0435\u043d\u043d\u043e"
  }
},
{
  "model": "webapp.type",
  "pk": 1,
  "fields": {
    "name": "\u0417\u0430\u0434\u0430\u0447\u0430"
  }
},
{
  "model": "webapp.type",
  "pk": 2,
  "fields": {
    "name": "\u041e\u0448\u0438\u0431\u043a\u0430"
  }
},
{
  "model": "webapp.type",
  "pk": 3,
  "fields": {
    "name": "\u0423\u043b\u0443\u0447\u0448\u0435\u043d\u0438\u0435"
  }
},
{
  "model": "webapp.task",
  "pk": 54,
  "fields": {
    "project": 2,
    "summary": "sgsagsgasfgasgasgsa",
    "descriptions": "erwgergwergwewvwevcw",
    "status": 2,
    "created_at": "2020-08-24T08:51:38.498Z",
    "update_at": "2020-08-26T19:49:53.998Z",
    "type": [
      2,
      3
    ]
  }
},
{
  "model": "webapp.task",
  "pk": 57,
  "fields": {
    "project": 6,
    "summary": "ewgergwregweg",
    "descriptions": "wergwergwergwergwer2525scqddwrefw",
    "status": 2,
    "created_at": "2020-08-24T09:49:43.840Z",
    "update_at": "2020-08-26T20:08:21.888Z",
    "type": [
      2
    ]
  }
},
{
  "model": "webapp.task",
  "pk": 62,
  "fields": {
    "project": 2,
    "summary": "xdhsfhdshsgf",
    "descriptions": "sdhsfghsgfhsfgh",
    "status": 1,
    "created_at": "2020-08-26T05:16:10.197Z",
    "update_at": "2020-08-26T05:16:10.197Z",
    "type": [
      2
    ]
  }
},
{
  "model": "webapp.task",
  "pk": 68,
  "fields": {
    "project": 11,
    "summary": "wergwergweg",
    "descriptions": "wegergwerg",
    "status": 2,
    "created_at": "2020-08-26T19:39:47.480Z",
    "update_at": "2020-08-26T19:39:47.480Z",
    "type": [
      3
    ]
  }
},
{
  "model": "webapp.task",
  "pk": 71,
  "fields": {
    "project": 14,
    "summary": "yqweywqebywery",
    "descriptions": "werygweyrhweyhweywey",
    "status": 2,
    "created_at": "2020-08-27T12:56:32.826Z",
    "update_at": "2020-08-27T12:56:32.826Z",
    "type": [
      2
    ]
  }
},
{
  "model": "webapp.project",
  "pk": 2,
  "fields": {
    "is_deleted": true,
    "start_data": "2020-08-23",
    "end_date": "2020-08-23",
    "name": "\u0420\u0430\u0442\u043c\u0438\u0440",
    "descriptions": "fehsdhsdhsdgherwerwe130383"
  }
},
{
  "model": "webapp.project",
  "pk": 6,
  "fields": {
    "is_deleted": true,
    "start_data": "2020-08-23",
    "end_date": "2020-08-23",
    "name": "\u041b\u043e\u043f\u0430\u0442\u0430rgerger",
    "descriptions": "erwgergwergwergwerg"
  }
},
{
  "model": "webapp.project",
  "pk": 11,
  "fields": {
    "is_deleted": false,
    "start_data": "2020-08-12",
    "end_date": "2020-08-23",
    "name": "qrwegergwqer",
    "descriptions": "gwergwergwerg"
  }
},
{
  "model": "webapp.project",
  "pk": 12,
  "fields": {
    "is_deleted": false,
    "start_data": "2020-08-23",
    "end_date": "2020-08-24",
    "name": "wegergw",
    "descriptions": "ergwergwergwerhgwqerhg"
  }
},
{
  "model": "webapp.project",
  "pk": 13,
  "fields": {
    "is_deleted": false,
    "start_data": "2020-08-24",
    "end_date": "2020-08-24",
    "name": "erqgrgerg",
    "descriptions": "qergqergqergqeg"
  }
},
{
  "model": "webapp.project",
  "pk": 14,
  "fields": {
    "is_deleted": true,
    "start_data": "2020-08-23",
    "end_date": "2020-08-24",
    "name": "fggasdfgasdfgafdsgafds",
    "descriptions": "asfgagagadfsgadfg"
  }
},
{
  "model": "webapp.project",
  "pk": 16,
  "fields": {
    "is_deleted": false,
    "start_data": "2020-08-23",
    "end_date": "2020-08-24",
    "name": "\u0420\u0430\u0442\u043c\u0438\u0440",
    "descriptions": "xvbadbfdb"
  }
},
{
  "model": "webapp.project",
  "pk": 17,
  "fields": {
    "is_deleted": false,
    "start_data": "2020-08-23",
    "end_date": "2020-08-24",
    "name": "\u0420\u0430\u0442\u043c\u0438\u0440",
    "descriptions": "xvbadbfdb"
  }
},
{
  "model": "webapp.project",
  "pk": 18,
  "fields": {
    "is_deleted": false,
    "start_data": "2020-08-23",
    "end_date": "2020-08-23",
    "name": "\u041b\u043e\u043f\u0430\u0442\u0430",
    "descriptions": "xfbxzbxxvc"
  }
},
{
  "model": "webapp.project",
  "pk": 19,
  "fields": {
    "is_deleted": false,
    "start_data": "2020-08-24",
    "end_date": "2020-08-24",
    "name": "\u0420\u0430\u0442\u043c\u0438\u0440",
    "descriptions": "rgqewgq"
  }
},
{
  "model": "auth.user",
  "pk": 1,
  "fields": {
    "password": "pbkdf2_sha256$150000$Wxo6cmLefcPq$kOl3vLJrnahx4CJHxQNg1tUVOQh0mn8nb4P48GcZqKA=",
    "last_login": "2020-09-07T13:43:07.710Z",
    "is_superuser": true,
    "username": "admin",
    "first_name": "",
    "last_name": "",
    "email": "",
    "is_staff": true,
    "is_active": true,
    "date_joined": "2020-08-06T10:28:33.040Z",
    "groups": [],
    "user_permissions": []
  }
},
{
  "model": "auth.user",
  "pk": 2,
  "fields": {
    "password": "pbkdf2_sha256$150000$9JWvxwdZCo3C$XsnIRdAZP8tWtCJQDNwQAEBnTbHb5TKu7RqPGHPiT88=",
    "last_login": "2020-09-07T13:29:12.201Z",
    "is_superuser": false,
    "username": "Artur1303",
    "first_name": "Pupkin",
    "last_name": "\u0410\u0434\u043c\u0438\u043d\u044b\u0447",
    "email": "diavolik2006@yandex.ru",
    "is_staff": false,
    "is_active": true,
    "date_joined": "2020-09-04T08:20:43.180Z",
    "groups": [],
    "user_permissions": []
  }
},
{
  "model": "auth.user",
  "pk": 3,
  "fields": {
    "password": "pbkdf2_sha256$150000$fGDDolFAieHF$+9VJ33AREpfrgTV1C5j3lTxAvLpERw8rqJKzi7GtnJU=",
    "last_login": "2020-09-04T09:14:30.811Z",
    "is_superuser": false,
    "username": "Vasilii12",
    "first_name": "Vasya",
    "last_name": "Popov",
    "email": "",
    "is_staff": false,
    "is_active": true,
    "date_joined": "2020-09-04T09:14:30.024Z",
    "groups": [],
    "user_permissions": []
  }
},
{
  "model": "auth.user",
  "pk": 4,
  "fields": {
    "password": "pbkdf2_sha256$150000$GPRGd1WonWQ1$HjbcX/FNB/t4HSUirIzWvav4yUyS5ukK61YNwglHdA8=",
    "last_login": "2020-09-04T09:15:37.617Z",
    "is_superuser": false,
    "username": "Artur1313",
    "first_name": "Alena",
    "last_name": "Nazarova",
    "email": "",
    "is_staff": false,
    "is_active": true,
    "date_joined": "2020-09-04T09:15:36.915Z",
    "groups": [],
    "user_permissions": []
  }
},
{
  "model": "auth.user",
  "pk": 5,
  "fields": {
    "password": "pbkdf2_sha256$150000$nG6VYxcvYS2a$IxgzIDjz8K7Y1te9fAsuqVlQoDNWCGFgmmxL8rYa6FE=",
    "last_login": "2020-09-04T17:55:07.112Z",
    "is_superuser": false,
    "username": "Ratmir13",
    "first_name": "Ratmir",
    "last_name": "",
    "email": "blabla@com.ru",
    "is_staff": false,
    "is_active": true,
    "date_joined": "2020-09-04T17:55:06.321Z",
    "groups": [],
    "user_permissions": []
  }
},
{
  "model": "auth.user",
  "pk": 6,
  "fields": {
    "password": "pbkdf2_sha256$150000$YVtHWsCbUdti$fS/9qIpljeOwelnnyy4Mr2PD7C5XkhJT+J45i+KgW3I=",
    "last_login": "2020-09-04T18:31:46.363Z",
    "is_superuser": false,
    "username": "Karina13",
    "first_name": "",
    "last_name": "",
    "email": "diavolik2006@yandex.ru",
    "is_staff": false,
    "is_active": true,
    "date_joined": "2020-09-04T18:31:45.655Z",
    "groups": [],
    "user_permissions": []
  }
},
{
  "model": "auth.user",
  "pk": 7,
  "fields": {
    "password": "pbkdf2_sha256$150000$J3lEmTrmFFTC$foKGn9uPvA/8aQm2z3D+U0Q40x5rH58xrDCX4lyTPNo=",
    "last_login": "2020-09-04T18:41:14.910Z",
    "is_superuser": false,
    "username": "Root",
    "first_name": "",
    "last_name": "",
    "email": "diavolik2006@yandex.ru",
    "is_staff": false,
    "is_active": true,
    "date_joined": "2020-09-04T18:41:14.198Z",
    "groups": [],
    "user_permissions": []
  }
},
{
  "model": "auth.user",
  "pk": 8,
  "fields": {
    "password": "pbkdf2_sha256$150000$SGQgUynzqgWM$2Op5p8/fRk1tlJyBK3pdbTgILeOfdkoSTEK43r9ECVU=",
    "last_login": "2020-09-04T18:44:12.654Z",
    "is_superuser": false,
    "username": "0556102060",
    "first_name": "help",
    "last_name": "",
    "email": "diavolik2006@yandex.ru",
    "is_staff": false,
    "is_active": true,
    "date_joined": "2020-09-04T18:44:11.893Z",
    "groups": [],
    "user_permissions": []
  }
},
{
  "model": "auth.user",
  "pk": 9,
  "fields": {
    "password": "pbkdf2_sha256$150000$BUv2VORKexRy$iP8etsjTAv6Y1d3S7FH/3xMIzxyHZv8bqi43fYmR0ps=",
    "last_login": "2020-09-04T19:00:59.834Z",
    "is_superuser": false,
    "username": "Artur13133",
    "first_name": "Pupkin",
    "last_name": "",
    "email": "diavolik2006@yandex.ru",
    "is_staff": false,
    "is_active": true,
    "date_joined": "2020-09-04T19:00:59.089Z",
    "groups": [],
    "user_permissions": []
  }
},
{
  "model": "auth.user",
  "pk": 10,
  "fields": {
    "password": "pbkdf2_sha256$150000$4ltNyC2yulh0$GH5pjsg/Ct6JoVWg9+lWp5ypsFWrxyb1WH+qibWfts8=",
    "last_login": "2020-09-07T09:00:24.683Z",
    "is_superuser": false,
    "username": "Alana18",
    "first_name": "Alanella",
    "last_name": "",
    "email": "diavolik2006@yandex.ru",
    "is_staff": false,
    "is_active": true,
    "date_joined": "2020-09-04T19:04:42.499Z",
    "groups": [],
    "user_permissions": []
  }
},
{
  "model": "auth.user",
  "pk": 11,
  "fields": {
    "password": "pbkdf2_sha256$150000$58RKxpwwezk2$qY0uffk0xwMt25kwcUXa5tCHmWjw6XYPD3+eIlbi5XU=",
    "last_login": "2020-09-04T19:07:04.040Z",
    "is_superuser": false,
    "username": "Roma13",
    "first_name": "roman",
    "last_name": "\u0410\u0434\u043c\u0438\u043d\u044b\u0447",
    "email": "diavolik2006@yandex.ru",
    "is_staff": false,
    "is_active": true,
    "date_joined": "2020-09-04T19:07:03.283Z",
    "groups": [],
    "user_permissions": []
  }
},
{
  "model": "auth.user",
  "pk": 12,
  "fields": {
    "password": "pbkdf2_sha256$150000$dLM3uF4TC4bX$EMY5MBZ86TvPNrxLyDsqjJrgS8TgIeX2qk8ox/bwtak=",
    "last_login": "2020-09-04T19:17:09.244Z",
    "is_superuser": false,
    "username": "Mama13",
    "first_name": "",
    "last_name": "",
    "email": "diavolik2006@yandex.ru",
    "is_staff": false,
    "is_active": true,
    "date_joined": "2020-09-04T19:17:08.451Z",
    "groups": [],
    "user_permissions": []
  }
},
{
  "model": "auth.user",
  "pk": 13,
  "fields": {
    "password": "pbkdf2_sha256$150000$iTU20eDSnXBD$2BgdNTuRlcCAQWbqaiRV30M9Ko4FOWxTYCkNj0SW7mc=",
    "last_login": "2020-09-04T19:19:22.676Z",
    "is_superuser": false,
    "username": "Mama133",
    "first_name": "",
    "last_name": "\u0410\u0434\u043c\u0438\u043d\u044b\u0447",
    "email": "diavolik2006@yandex.ru",
    "is_staff": false,
    "is_active": true,
    "date_joined": "2020-09-04T19:19:21.922Z",
    "groups": [],
    "user_permissions": []
  }
},
{
  "model": "auth.user",
  "pk": 14,
  "fields": {
    "password": "pbkdf2_sha256$150000$i57MJjggjXj8$iEcyGE9jh5hBzuC6/RV0T30AHVZvJffNsbQxkOqUgNY=",
    "last_login": "2020-09-04T19:19:56.774Z",
    "is_superuser": false,
    "username": "Papa13",
    "first_name": "Pupkinnnn",
    "last_name": "",
    "email": "diavolik2006@yandex.ru",
    "is_staff": false,
    "is_active": true,
    "date_joined": "2020-09-04T19:19:56.032Z",
    "groups": [],
    "user_permissions": []
  }
},
{
  "model": "auth.user",
  "pk": 15,
  "fields": {
    "password": "pbkdf2_sha256$150000$8Ld79Pfenoq8$ieqQYZeCQ9vzdyi1q0HOZW65FJXOlBc0gVMPZKtUn18=",
    "last_login": "2020-09-04T19:22:35.145Z",
    "is_superuser": false,
    "username": "Faric13",
    "first_name": "",
    "last_name": "\u0424\u0430\u0445\u043e",
    "email": "diavolik2006@yandex.ru",
    "is_staff": false,
    "is_active": true,
    "date_joined": "2020-09-04T19:22:34.371Z",
    "groups": [],
    "user_permissions": []
  }
},
{
  "model": "auth.user",
  "pk": 16,
  "fields": {
    "password": "pbkdf2_sha256$150000$PFEfRTGmiMvn$UDRlgyoqys/PsP5ZnFumNrJqs51kBYoNCj20heVHXTA=",
    "last_login": "2020-09-05T06:36:41.411Z",
    "is_superuser": false,
    "username": "Zaha13",
    "first_name": "Abs",
    "last_name": "Abs",
    "email": "diavolik2006@yandex.ru",
    "is_staff": false,
    "is_active": true,
    "date_joined": "2020-09-05T06:36:40.647Z",
    "groups": [],
    "user_permissions": []
  }
},
{
  "model": "auth.user",
  "pk": 17,
  "fields": {
    "password": "pbkdf2_sha256$150000$QtSDkBV7LGQf$uxGy74nbR53EtHGK5t/Y++foLKvmVKBD9gRETEvCHc0=",
    "last_login": "2020-09-05T06:47:04.094Z",
    "is_superuser": false,
    "username": "Vasys10",
    "first_name": "baha",
    "last_name": "",
    "email": "diavolik2006@yandex.ru",
    "is_staff": false,
    "is_active": true,
    "date_joined": "2020-09-05T06:47:03.298Z",
    "groups": [],
    "user_permissions": []
  }
},
{
  "model": "auth.user",
  "pk": 18,
  "fields": {
    "password": "pbkdf2_sha256$150000$vnKYyiyhqK0C$Esx61DoJd02CJP7LGKDIlBvQjIPKOzY3gQsrQjBCMuY=",
    "last_login": "2020-09-05T06:47:48.478Z",
    "is_superuser": false,
    "username": "Vova13",
    "first_name": "Pupkin",
    "last_name": "\u0410\u0434\u043c\u0438\u043d\u044b\u0447",
    "email": "diavolik2006@yandex.ru",
    "is_staff": false,
    "is_active": true,
    "date_joined": "2020-09-05T06:47:47.729Z",
    "groups": [],
    "user_permissions": []
  }
},
{
  "model": "auth.user",
  "pk": 19,
  "fields": {
    "password": "pbkdf2_sha256$150000$eLk4pQZyWb9X$Cj0MGKTD5YeR84P+eDQPIb0lhdrhsWHakq3wwTZex/A=",
    "last_login": "2020-09-05T06:48:51.584Z",
    "is_superuser": false,
    "username": "Papajon",
    "first_name": "Pupkin",
    "last_name": "",
    "email": "diavolik2006@yandex.ru",
    "is_staff": false,
    "is_active": true,
    "date_joined": "2020-09-05T06:48:50.839Z",
    "groups": [],
    "user_permissions": []
  }
}
]
